repo_name,clone_url,description,created_at,updated_at,stargazers_count,forks_count,watchers_count,open_issues_count,size,language,license,has_wiki,has_pages,topics,contributors_count,commits_count,quality_assessment
toeverything/AFFiNE,https://github.com/toeverything/AFFiNE.git,"There can be more than Notion and Miro. AFFiNE(pronounced [ə‘fain]) is a next-gen knowledge base that brings planning, sorting and creating all together. Privacy first, open-source, customizable and ready to use. ",2022-07-31T18:45:21Z,2025-10-19T08:28:17Z,56095,3848,56095,452,553041,TypeScript,"{'key': 'other', 'name': 'Other', 'spdx_id': 'NOASSERTION', 'url': None, 'node_id': 'MDc6TGljZW5zZTA='}",False,False,"['app', 'crdt', 'editor', 'electron', 'knowledge-base', 'markdown', 'miro', 'notes', 'notion', 'notion-alternative', 'rust', 'rust-lang', 'rust-language', 'table', 'tableview', 'whiteboard', 'wiki', 'workspace']",2,2,"{'overall_score': 0.534, 'component_scores': {'popularity': 0.991, 'activity': 0.401, 'code_quality': 0.5, 'community': 0.071, 'maintenance': 0.5}, 'quality_tier': 'Average'}"
lencx/ChatGPT,https://github.com/lencx/ChatGPT.git,"🔮 ChatGPT Desktop Application (Mac, Windows and Linux)",2022-12-07T09:43:02Z,2025-10-19T08:25:49Z,54187,6180,54187,882,32499,Rust,,False,True,"['ai', 'app', 'application', 'chatgpt', 'desktop-app', 'gpt', 'gpt-3', 'linux', 'macos', 'notes-app', 'openai', 'rust', 'tauri', 'webview', 'windows']",2,2,"{'overall_score': 0.566, 'component_scores': {'popularity': 1.0, 'activity': 0.401, 'code_quality': 0.5, 'community': 0.071, 'maintenance': 0.7}, 'quality_tier': 'Average'}"
pppscn/SmsForwarder,https://github.com/pppscn/SmsForwarder.git,短信转发器——监控Android手机短信、来电、APP通知，并根据指定规则转发到其他手机：钉钉群自定义机器人、钉钉企业内机器人、企业微信群机器人、飞书机器人、企业微信应用消息、邮箱、bark、webhook、Telegram机器人、Server酱、PushPlus、手机短信等。包括主动控制服务端与客户端，让你轻松远程发短信、查短信、查通话、查话簿、查电量等。（V3.0 新增）PS.这个APK主要是学习与自用，如有BUG请提ISSUE，同时欢迎大家提PR指正,2021-02-10T02:23:07Z,2025-10-19T07:41:22Z,23069,2951,23069,56,468160,Kotlin,"{'key': 'bsd-2-clause', 'name': 'BSD 2-Clause ""Simplified"" License', 'spdx_id': 'BSD-2-Clause', 'url': 'https://api.github.com/licenses/bsd-2-clause', 'node_id': 'MDc6TGljZW5zZTQ='}",True,False,"['android', 'api', 'app', 'bark', 'call', 'chatgpt', 'dingding', 'forward', 'mqtt', 'pushdear', 'pushplus', 'serverchan', 'sms', 'smtp', 'telegram', 'webhook', 'wechatapp']",2,2,"{'overall_score': 0.606, 'component_scores': {'popularity': 0.981, 'activity': 0.401, 'code_quality': 0.5, 'community': 0.071, 'maintenance': 1.0}, 'quality_tier': 'Good'}"
CodeEditApp/CodeEdit,https://github.com/CodeEditApp/CodeEdit.git,"📝 CodeEdit App for macOS – Elevate your code editing experience. Open source, free forever.",2022-03-10T21:28:14Z,2025-10-19T06:34:29Z,22290,1125,22290,188,19703,Swift,"{'key': 'mit', 'name': 'MIT License', 'spdx_id': 'MIT', 'url': 'https://api.github.com/licenses/mit', 'node_id': 'MDc6TGljZW5zZTEz'}",True,True,"['app', 'appkit', 'apple', 'code', 'code-edit', 'code-editor', 'editor', 'ide', 'ios', 'mac', 'macos', 'open-source', 'swift', 'swiftui', 'xcode']",2,2,"{'overall_score': 0.598, 'component_scores': {'popularity': 0.947, 'activity': 0.401, 'code_quality': 0.5, 'community': 0.071, 'maintenance': 1.0}, 'quality_tier': 'Average'}"
CapSoftware/Cap,https://github.com/CapSoftware/Cap.git,"Open source Loom alternative. Beautiful, shareable screen recordings.",2023-11-17T20:31:46Z,2025-10-19T08:40:59Z,13232,900,13232,212,264581,TypeScript,"{'key': 'other', 'name': 'Other', 'spdx_id': 'NOASSERTION', 'url': None, 'node_id': 'MDc6TGljZW5zZTA='}",True,False,"['app', 'cap', 'coss', 'loom', 'mac', 'nextjs', 'nextjs15', 'open-source', 'oss', 'react', 'record', 'rust', 'screen-capture', 'screen-recorder', 'screenshot', 'solidjs', 'tauri', 'tauri-app', 'typescript', 'vite']",2,2,"{'overall_score': 0.551, 'component_scores': {'popularity': 0.94, 'activity': 0.402, 'code_quality': 0.5, 'community': 0.071, 'maintenance': 0.7}, 'quality_tier': 'Average'}"
Shabinder/SpotiFlyer,https://github.com/Shabinder/SpotiFlyer.git,"Kotlin Multiplatform Music Downloader, Supports Spotify /   Gaana / Youtube Music / Jio Saavn / SoundCloud.",2020-07-15T20:05:01Z,2025-10-19T00:07:48Z,10945,804,10945,559,65684,Kotlin,"{'key': 'gpl-3.0', 'name': 'GNU General Public License v3.0', 'spdx_id': 'GPL-3.0', 'url': 'https://api.github.com/licenses/gpl-3.0', 'node_id': 'MDc6TGljZW5zZTk='}",True,True,"['album-downloader', 'albums', 'android', 'app', 'desktop', 'gaana', 'gaana-downloader', 'metadata', 'mp3', 'music', 'music-downloader', 'playlist-downloader', 'song-downloader', 'soundcloud', 'spotify', 'spotify-downloader', 'youtube', 'youtube-downloader', 'youtube-music']",2,2,"{'overall_score': 0.595, 'component_scores': {'popularity': 0.936, 'activity': 0.401, 'code_quality': 0.5, 'community': 0.071, 'maintenance': 1.0}, 'quality_tier': 'Average'}"
tisfeng/Easydict,https://github.com/tisfeng/Easydict.git,一个简洁优雅的词典翻译 macOS App。开箱即用，支持离线 OCR 识别，支持有道词典，🍎 苹果系统词典，🍎 苹果系统翻译，OpenAI，Gemini，DeepL，Google，Bing，腾讯，百度，阿里，小牛，彩云和火山翻译。A concise and elegant Dictionary and Translator macOS App for looking up words and translating text. ,2022-11-15T12:41:53Z,2025-10-19T07:45:50Z,10713,544,10713,117,146516,Objective-C,"{'key': 'gpl-3.0', 'name': 'GNU General Public License v3.0', 'spdx_id': 'GPL-3.0', 'url': 'https://api.github.com/licenses/gpl-3.0', 'node_id': 'MDc6TGljZW5zZTk='}",True,False,"['app', 'baidu', 'bing', 'deepl', 'dictionary', 'gemini', 'google', 'macos', 'ocr', 'openai', 'shortcuts', 'tencent', 'translate', 'translator', 'youdao']",2,2,"{'overall_score': 0.591, 'component_scores': {'popularity': 0.922, 'activity': 0.401, 'code_quality': 0.5, 'community': 0.071, 'maintenance': 1.0}, 'quality_tier': 'Average'}"
0x7c13/Notepads,https://github.com/0x7c13/Notepads.git,"A modern, lightweight text editor with a minimalist design.",2019-06-01T01:20:33Z,2025-10-18T21:28:25Z,9641,515,9641,423,40433,C#,"{'key': 'mit', 'name': 'MIT License', 'spdx_id': 'MIT', 'url': 'https://api.github.com/licenses/mit', 'node_id': 'MDc6TGljZW5zZTEz'}",True,False,"['app', 'diff-viewer', 'fluent', 'markdown', 'notepad', 'texteditor', 'uwp', 'windows']",2,2,"{'overall_score': 0.59, 'component_scores': {'popularity': 0.918, 'activity': 0.4, 'code_quality': 0.5, 'community': 0.071, 'maintenance': 1.0}, 'quality_tier': 'Average'}"
gao-sun/eul,https://github.com/gao-sun/eul.git,🖥️ macOS status monitoring app written in SwiftUI.,2020-06-26T07:10:17Z,2025-10-18T21:28:38Z,9635,358,9635,68,2216,Swift,"{'key': 'mit', 'name': 'MIT License', 'spdx_id': 'MIT', 'url': 'https://api.github.com/licenses/mit', 'node_id': 'MDc6TGljZW5zZTEz'}",True,False,"['app', 'macos', 'monitor', 'monitoring', 'status-monitoring', 'statusbar', 'swiftui']",2,2,"{'overall_score': 0.647, 'component_scores': {'popularity': 0.905, 'activity': 0.401, 'code_quality': 0.8, 'community': 0.071, 'maintenance': 1.0}, 'quality_tier': 'Good'}"
dice2o/BingGPT,https://github.com/dice2o/BingGPT.git,"Desktop application of new Bing's AI-powered chat (Windows, macOS and Linux)",2023-02-16T00:37:19Z,2025-10-17T16:51:04Z,9104,690,9104,241,1657,JavaScript,"{'key': 'apache-2.0', 'name': 'Apache License 2.0', 'spdx_id': 'Apache-2.0', 'url': 'https://api.github.com/licenses/apache-2.0', 'node_id': 'MDc6TGljZW5zZTI='}",False,False,"['ai', 'app', 'bing', 'binggpt', 'chatgpt', 'copilot', 'desktop-app', 'edge', 'electron', 'gpt', 'gpt-4', 'linux', 'macos', 'microsoft', 'new-bing', 'windows']",2,2,"{'overall_score': 0.622, 'component_scores': {'popularity': 0.925, 'activity': 0.4, 'code_quality': 0.8, 'community': 0.071, 'maintenance': 0.8}, 'quality_tier': 'Good'}"
H-M-H/Weylus,https://github.com/H-M-H/Weylus.git,Use your tablet as graphic tablet/touch screen on your computer.,2020-05-01T10:25:33Z,2025-10-19T08:37:21Z,8420,330,8420,125,6041,Rust,"{'key': 'other', 'name': 'Other', 'spdx_id': 'NOASSERTION', 'url': None, 'node_id': 'MDc6TGljZW5zZTA='}",True,False,"['android', 'android-application', 'app', 'browser', 'ffmpeg', 'hardware-acceleration', 'ipados', 'linux', 'multi-touch', 'remote-desktop', 'rust', 'screen-mirroring', 'stylus', 'tablet', 'touch-screen', 'uinput', 'wayland', 'webapp', 'x11', 'xdg-desktop-portal']",2,2,"{'overall_score': 0.6, 'component_scores': {'popularity': 0.895, 'activity': 0.401, 'code_quality': 0.8, 'community': 0.071, 'maintenance': 0.7}, 'quality_tier': 'Average'}"
BasedHardware/omi,https://github.com/BasedHardware/omi.git,"AI wearables. Put it on, speak, transcribe, automatically",2024-03-22T18:12:25Z,2025-10-19T07:48:34Z,7084,1193,7084,260,726795,C,"{'key': 'mit', 'name': 'MIT License', 'spdx_id': 'MIT', 'url': 'https://api.github.com/licenses/mit', 'node_id': 'MDc6TGljZW5zZTEz'}",False,True,"['ai', 'app', 'bci', 'c', 'flutter', 'friend', 'mobile', 'necklace', 'nextjs', 'omi', 'personas', 'python', 'smartglasses', 'summary', 'transcription', 'wearable']",2,2,"{'overall_score': 0.594, 'component_scores': {'popularity': 0.931, 'activity': 0.402, 'code_quality': 0.5, 'community': 0.071, 'maintenance': 1.0}, 'quality_tier': 'Average'}"
abuanwar072/Flutter-Responsive-Admin-Panel-or-Dashboard,https://github.com/abuanwar072/Flutter-Responsive-Admin-Panel-or-Dashboard.git,Responsive Admin Panel or Dashboard using Flutter,2021-05-03T05:37:39Z,2025-10-19T02:55:52Z,7041,1991,7041,32,32965,Dart,"{'key': 'mit', 'name': 'MIT License', 'spdx_id': 'MIT', 'url': 'https://api.github.com/licenses/mit', 'node_id': 'MDc6TGljZW5zZTEz'}",True,True,"['app', 'dashboard', 'dashboard-templates', 'flutter', 'web']",2,2,"{'overall_score': 0.598, 'component_scores': {'popularity': 0.949, 'activity': 0.401, 'code_quality': 0.5, 'community': 0.071, 'maintenance': 1.0}, 'quality_tier': 'Average'}"
X-PLUG/MobileAgent,https://github.com/X-PLUG/MobileAgent.git, Mobile-Agent: The Powerful GUI Agent Family,2024-01-26T14:17:06Z,2025-10-19T07:59:48Z,6075,604,6075,140,445128,Python,"{'key': 'mit', 'name': 'MIT License', 'spdx_id': 'MIT', 'url': 'https://api.github.com/licenses/mit', 'node_id': 'MDc6TGljZW5zZTEz'}",True,True,"['agent', 'android', 'app', 'automation', 'copilot', 'gui', 'mllm', 'mobile', 'mobile-agents', 'multimodal', 'multimodal-agent', 'multimodal-large-language-models']",2,2,"{'overall_score': 0.586, 'component_scores': {'popularity': 0.899, 'activity': 0.402, 'code_quality': 0.5, 'community': 0.071, 'maintenance': 1.0}, 'quality_tier': 'Average'}"
aleksey-hoffman/sigma-file-manager,https://github.com/aleksey-hoffman/sigma-file-manager.git,"""Sigma File Manager"" is a free, open-source, quickly evolving, modern file manager (explorer / browser) app for Windows and Linux.",2021-05-25T12:08:52Z,2025-10-19T03:19:53Z,5026,187,5026,163,296208,C,"{'key': 'other', 'name': 'Other', 'spdx_id': 'NOASSERTION', 'url': None, 'node_id': 'MDc6TGljZW5zZTA='}",True,False,"['app', 'electron', 'electron-app', 'electronjs', 'file-manager', 'filemanager', 'modern-applications', 'vue']",2,2,"{'overall_score': 0.528, 'component_scores': {'popularity': 0.847, 'activity': 0.401, 'code_quality': 0.5, 'community': 0.071, 'maintenance': 0.7}, 'quality_tier': 'Average'}"
easychen/pushdeer,https://github.com/easychen/pushdeer.git,开放源码的无App推送服务，iOS14+扫码即用。亦支持快应用/iOS和Mac客户端、Android客户端、自制设备,2021-12-16T04:16:17Z,2025-10-18T04:37:09Z,4929,500,4929,60,162035,C,"{'key': 'other', 'name': 'Other', 'spdx_id': 'NOASSERTION', 'url': None, 'node_id': 'MDc6TGljZW5zZTA='}",True,False,"['app', 'clip', 'notification-service', 'push']",2,2,"{'overall_score': 0.536, 'component_scores': {'popularity': 0.881, 'activity': 0.4, 'code_quality': 0.5, 'community': 0.071, 'maintenance': 0.7}, 'quality_tier': 'Average'}"
pluwen/awesome-testflight-link,https://github.com/pluwen/awesome-testflight-link.git,Collection of Testflight public app link（iOS/iPad OS/macOS）。,2019-10-16T01:59:09Z,2025-10-19T07:18:47Z,4551,211,4551,2,3248,Python,"{'key': 'mit', 'name': 'MIT License', 'spdx_id': 'MIT', 'url': 'https://api.github.com/licenses/mit', 'node_id': 'MDc6TGljZW5zZTEz'}",False,False,"['app', 'collection', 'ios', 'ipad', 'iphone', 'macos', 'testflight']",2,2,"{'overall_score': 0.602, 'component_scores': {'popularity': 0.846, 'activity': 0.4, 'code_quality': 0.8, 'community': 0.071, 'maintenance': 0.8}, 'quality_tier': 'Good'}"
h2oai/wave,https://github.com/h2oai/wave.git,Realtime Web Apps and Dashboards for Python and R,2020-05-16T20:07:18Z,2025-10-19T01:13:49Z,4195,356,4195,221,116631,Python,"{'key': 'apache-2.0', 'name': 'Apache License 2.0', 'spdx_id': 'Apache-2.0', 'url': 'https://api.github.com/licenses/apache-2.0', 'node_id': 'MDc6TGljZW5zZTI='}",False,False,"['app', 'dashboard', 'hacktoberfest', 'python', 'r', 'realtime', 'typescript', 'visualization', 'webapp']",2,2,"{'overall_score': 0.546, 'component_scores': {'popularity': 0.86, 'activity': 0.401, 'code_quality': 0.5, 'community': 0.071, 'maintenance': 0.8}, 'quality_tier': 'Average'}"
wgpsec/ENScan_GO,https://github.com/wgpsec/ENScan_GO.git,一款基于各大企业信息API的工具，解决在遇到的各种针对国内企业信息收集难题。一键收集控股公司ICP备案、APP、小程序、微信公众号等信息聚合导出。支持MCP接入,2022-01-04T14:07:28Z,2025-10-17T12:41:41Z,3968,372,3968,33,3627,Go,"{'key': 'apache-2.0', 'name': 'Apache License 2.0', 'spdx_id': 'Apache-2.0', 'url': 'https://api.github.com/licenses/apache-2.0', 'node_id': 'MDc6TGljZW5zZTI='}",True,False,"['app', 'icp', 'mcp', 'mcp-server', 'redteam', 'redteam-tools']",2,2,"{'overall_score': 0.635, 'component_scores': {'popularity': 0.858, 'activity': 0.399, 'code_quality': 0.8, 'community': 0.071, 'maintenance': 1.0}, 'quality_tier': 'Good'}"
sindresorhus/Plash,https://github.com/sindresorhus/Plash.git,💦 Make any website your Mac desktop wallpaper,2020-01-09T11:26:46Z,2025-10-19T06:12:14Z,3840,147,3840,34,8991,Swift,"{'key': 'mit', 'name': 'MIT License', 'spdx_id': 'MIT', 'url': 'https://api.github.com/licenses/mit', 'node_id': 'MDc6TGljZW5zZTEz'}",False,False,"['active-desktop', 'app', 'desktop-wallpaper', 'dynamic-wallpaper', 'macos', 'macos-app', 'plash', 'swift', 'swiftui', 'wallpaper']",2,2,"{'overall_score': 0.597, 'component_scores': {'popularity': 0.824, 'activity': 0.401, 'code_quality': 0.8, 'community': 0.071, 'maintenance': 0.8}, 'quality_tier': 'Average'}"
FooIbar/EhViewer,https://github.com/FooIbar/EhViewer.git,"EhViewer overhauled with Material Design 3 and more, forked from https://github.com/Ehviewer-Overhauled/Ehviewer",2022-11-17T19:24:13Z,2025-10-19T08:43:45Z,3630,212,3630,59,159216,Kotlin,"{'key': 'gpl-3.0', 'name': 'GNU General Public License v3.0', 'spdx_id': 'GPL-3.0', 'url': 'https://api.github.com/licenses/gpl-3.0', 'node_id': 'MDc6TGljZW5zZTk='}",False,False,"['android', 'app', 'e-hentai', 'ehviewer', 'jetpack-compose', 'kotlin', 'material-design']",2,2,"{'overall_score': 0.539, 'component_scores': {'popularity': 0.834, 'activity': 0.401, 'code_quality': 0.5, 'community': 0.071, 'maintenance': 0.8}, 'quality_tier': 'Average'}"
alexgurr/react-coding-challenges,https://github.com/alexgurr/react-coding-challenges.git,A series of ReactJS coding challenges with a variety of difficulties. ,2020-03-10T08:04:51Z,2025-10-18T05:56:38Z,3402,1130,3402,32,2412,SCSS,,False,False,"['app', 'candidates', 'challenge', 'coding-challenges', 'exercises', 'interview', 'interview-practice', 'interviews', 'javascript', 'react', 'react-coding-challenges', 'reactjs']",2,2,"{'overall_score': 0.568, 'component_scores': {'popularity': 0.889, 'activity': 0.399, 'code_quality': 0.8, 'community': 0.071, 'maintenance': 0.5}, 'quality_tier': 'Average'}"
solidSpoon/DashPlayer,https://github.com/solidSpoon/DashPlayer.git,为英语学习者量身打造的视频播放器，助你通过观看视频、沉浸真实语境，轻松提升英语水平。#美剧 #播放器 #听力,2022-11-27T02:13:20Z,2025-10-19T03:47:52Z,3344,215,3344,71,13481,TypeScript,"{'key': 'agpl-3.0', 'name': 'GNU Affero General Public License v3.0', 'spdx_id': 'AGPL-3.0', 'url': 'https://api.github.com/licenses/agpl-3.0', 'node_id': 'MDc6TGljZW5zZTE='}",False,True,"['app', 'bo-fang-qi', 'english', 'gpt', 'learning', 'mei-ju', 'openai', 'player', 'ting-li']",2,2,"{'overall_score': 0.568, 'component_scores': {'popularity': 0.83, 'activity': 0.401, 'code_quality': 0.5, 'community': 0.071, 'maintenance': 1.0}, 'quality_tier': 'Average'}"
rio-labs/rio,https://github.com/rio-labs/rio.git,"WebApps in pure Python. No JavaScript, HTML and CSS needed",2024-04-13T17:24:38Z,2025-10-19T03:33:12Z,3282,127,3282,77,33569,Python,"{'key': 'apache-2.0', 'name': 'Apache License 2.0', 'spdx_id': 'Apache-2.0', 'url': 'https://api.github.com/licenses/apache-2.0', 'node_id': 'MDc6TGljZW5zZTI='}",True,False,"['app', 'crud-application', 'data-analysis', 'data-science', 'data-visualization', 'developer-tools', 'framework', 'gui', 'machine-learning', 'python', 'web']",2,2,"{'overall_score': 0.564, 'component_scores': {'popularity': 0.81, 'activity': 0.402, 'code_quality': 0.5, 'community': 0.071, 'maintenance': 1.0}, 'quality_tier': 'Average'}"
EhViewer-NekoInverter/EhViewer,https://github.com/EhViewer-NekoInverter/EhViewer.git,"🥥 A fork of EhViewer, feature requests are not accepted. Forked from https://gitlab.com/NekoInverter/EhViewer",2022-11-03T15:45:54Z,2025-10-19T08:37:58Z,3257,155,3257,1,111230,Kotlin,"{'key': 'gpl-3.0', 'name': 'GNU General Public License v3.0', 'spdx_id': 'GPL-3.0', 'url': 'https://api.github.com/licenses/gpl-3.0', 'node_id': 'MDc6TGljZW5zZTk='}",False,False,"['android', 'app', 'e-hentai', 'ehviewer', 'exhentai', 'java', 'kotlin']",2,2,"{'overall_score': 0.535, 'component_scores': {'popularity': 0.817, 'activity': 0.401, 'code_quality': 0.5, 'community': 0.071, 'maintenance': 0.8}, 'quality_tier': 'Average'}"
sindresorhus/Actions,https://github.com/sindresorhus/Actions.git,⚙️ Supercharge your shortcuts,2021-11-10T11:33:40Z,2025-10-17T08:40:44Z,2881,132,2881,47,290,,,False,False,"['app', 'automation', 'ios', 'ios-app', 'macos', 'macos-app', 'shortcut-actions', 'shortcuts', 'swift', 'swiftui']",1,2,"{'overall_score': 0.543, 'component_scores': {'popularity': 0.805, 'activity': 0.399, 'code_quality': 0.8, 'community': 0.045, 'maintenance': 0.5}, 'quality_tier': 'Average'}"
macmade/Hot,https://github.com/macmade/Hot.git,Hot is macOS menu bar application that displays the CPU speed limit due to thermal issues.,2020-09-24T19:30:32Z,2025-10-18T15:52:55Z,2786,107,2786,25,14083,Swift,"{'key': 'mit', 'name': 'MIT License', 'spdx_id': 'MIT', 'url': 'https://api.github.com/licenses/mit', 'node_id': 'MDc6TGljZW5zZTEz'}",True,False,"['app', 'cpu', 'limit', 'mac', 'macos', 'menubar', 'status', 'thermal', 'throttle', 'throttling']",2,2,"{'overall_score': 0.559, 'component_scores': {'popularity': 0.796, 'activity': 0.399, 'code_quality': 0.5, 'community': 0.071, 'maintenance': 1.0}, 'quality_tier': 'Average'}"
IndieSmiths/nodezator,https://github.com/IndieSmiths/nodezator.git,A generalist Python node editor,2021-10-07T14:33:55Z,2025-10-17T22:14:03Z,2668,122,2668,5,10510,Python,"{'key': 'unlicense', 'name': 'The Unlicense', 'spdx_id': 'Unlicense', 'url': 'https://api.github.com/licenses/unlicense', 'node_id': 'MDc6TGljZW5zZTE1'}",False,False,"['app', 'application', 'desktop', 'desktop-app', 'desktop-application', 'graph', 'gui', 'node-editor', 'nodes', 'open-source', 'public-domain', 'pygame', 'pygame-application', 'pygame-ce', 'python', 'python-node-editor', 'python3', 'unlicense', 'unlicense-license']",2,2,"{'overall_score': 0.53, 'component_scores': {'popularity': 0.798, 'activity': 0.4, 'code_quality': 0.5, 'community': 0.071, 'maintenance': 0.8}, 'quality_tier': 'Average'}"
chrieke/prettymapp,https://github.com/chrieke/prettymapp.git,🖼️ Create beautiful maps from OpenStreetMap data in a streamlit webapp,2021-09-27T15:15:02Z,2025-10-18T03:16:42Z,2622,420,2622,5,39217,Python,"{'key': 'mit', 'name': 'MIT License', 'spdx_id': 'MIT', 'url': 'https://api.github.com/licenses/mit', 'node_id': 'MDc6TGljZW5zZTEz'}",False,False,"['app', 'art', 'cartography', 'geography', 'map', 'osm', 'prettymaps', 'streamlit']",2,2,"{'overall_score': 0.541, 'component_scores': {'popularity': 0.84, 'activity': 0.4, 'code_quality': 0.5, 'community': 0.071, 'maintenance': 0.8}, 'quality_tier': 'Average'}"
mayswind/ezbookkeeping,https://github.com/mayswind/ezbookkeeping.git,"A lightweight, self-hosted personal finance app with a user-friendly interface and powerful bookkeeping features.",2020-10-17T08:54:02Z,2025-10-19T06:51:56Z,2537,251,2537,14,14427,Go,"{'key': 'mit', 'name': 'MIT License', 'spdx_id': 'MIT', 'url': 'https://api.github.com/licenses/mit', 'node_id': 'MDc6TGljZW5zZTEz'}",True,False,"['accounting', 'app', 'bookkeeping', 'docker', 'expense-manager', 'expense-tracker', 'expenses', 'finance', 'finance-management', 'finances', 'financial', 'golang', 'homelab', 'mobile', 'money', 'money-manager', 'personal-finance', 'self-hosted', 'typescript', 'vue']",2,2,"{'overall_score': 0.566, 'component_scores': {'popularity': 0.82, 'activity': 0.401, 'code_quality': 0.5, 'community': 0.071, 'maintenance': 1.0}, 'quality_tier': 'Average'}"
cunarist/rinf,https://github.com/cunarist/rinf.git,"Rust for native business logic, Flutter for flexible and beautiful GUI",2023-02-15T14:47:18Z,2025-10-18T00:56:22Z,2480,97,2480,19,24682,Rust,"{'key': 'mit', 'name': 'MIT License', 'spdx_id': 'MIT', 'url': 'https://api.github.com/licenses/mit', 'node_id': 'MDc6TGljZW5zZTEz'}",False,False,"['android', 'app', 'cross-platform', 'dart', 'ffi', 'flutter', 'gui', 'ios', 'linux', 'macos', 'production-ready', 'restful-api', 'rust', 'web', 'windows']",2,2,"{'overall_score': 0.527, 'component_scores': {'popularity': 0.786, 'activity': 0.4, 'code_quality': 0.5, 'community': 0.071, 'maintenance': 0.8}, 'quality_tier': 'Average'}"
GDQuest/learn-gdscript,https://github.com/GDQuest/learn-gdscript.git,"Learn Godot's GDScript programming language from zero, right in your browser, for free.",2021-05-10T21:07:59Z,2025-10-18T23:02:14Z,2446,198,2446,220,130321,GDScript,"{'key': 'other', 'name': 'Other', 'spdx_id': 'NOASSERTION', 'url': None, 'node_id': 'MDc6TGljZW5zZTA='}",False,True,"['app', 'education', 'game-development', 'gdscript', 'godot', 'hacktoberfest', 'html5']",2,2,"{'overall_score': 0.518, 'component_scores': {'popularity': 0.81, 'activity': 0.401, 'code_quality': 0.5, 'community': 0.071, 'maintenance': 0.7}, 'quality_tier': 'Average'}"
papra-hq/papra,https://github.com/papra-hq/papra.git,The minimalistic document archiving platform.,2025-01-01T15:55:20Z,2025-10-18T21:42:14Z,2424,129,2424,79,8066,TypeScript,"{'key': 'agpl-3.0', 'name': 'GNU Affero General Public License v3.0', 'spdx_id': 'AGPL-3.0', 'url': 'https://api.github.com/licenses/agpl-3.0', 'node_id': 'MDc6TGljZW5zZTE='}",False,False,"['app', 'archive', 'document', 'documents', 'self-hosted']",2,2,"{'overall_score': 0.59, 'component_scores': {'popularity': 0.795, 'activity': 0.404, 'code_quality': 0.8, 'community': 0.071, 'maintenance': 0.8}, 'quality_tier': 'Average'}"
SpacingBat3/WebCord,https://github.com/SpacingBat3/WebCord.git,A Discord and SpaceBar :electron:-based client implemented without Discord API.,2020-10-26T19:15:04Z,2025-10-17T20:45:20Z,2271,104,2271,83,4315,TypeScript,"{'key': 'mit', 'name': 'MIT License', 'spdx_id': 'MIT', 'url': 'https://api.github.com/licenses/mit', 'node_id': 'MDc6TGljZW5zZTEz'}",True,False,"['aarch64', 'app', 'arm', 'arm64', 'armhf', 'armv7', 'armv7l', 'discord', 'discord-css', 'discord-theme', 'discord-web', 'electron', 'electron-discord', 'fosscord', 'javascript', 'nodejs', 'spacebar', 'typescript', 'web', 'webapp']",2,2,"{'overall_score': 0.616, 'component_scores': {'popularity': 0.783, 'activity': 0.4, 'code_quality': 0.8, 'community': 0.071, 'maintenance': 1.0}, 'quality_tier': 'Good'}"
kubenav/kubenav,https://github.com/kubenav/kubenav.git,kubenav is the navigator for your Kubernetes clusters right in your pocket.,2020-01-05T19:23:27Z,2025-10-19T07:18:29Z,2205,142,2205,34,62722,Dart,"{'key': 'mit', 'name': 'MIT License', 'spdx_id': 'MIT', 'url': 'https://api.github.com/licenses/mit', 'node_id': 'MDc6TGljZW5zZTEz'}",False,True,"['android', 'app', 'dashboard', 'flutter', 'go', 'ios', 'kubectl', 'kubernetes', 'mobile']",2,2,"{'overall_score': 0.559, 'component_scores': {'popularity': 0.793, 'activity': 0.401, 'code_quality': 0.5, 'community': 0.071, 'maintenance': 1.0}, 'quality_tier': 'Average'}"
GanZhiXiong/GZXTaoBaoAppFlutter,https://github.com/GanZhiXiong/GZXTaoBaoAppFlutter.git,Flutter淘宝App，支持iOS、Android,2019-05-24T05:13:21Z,2025-10-13T17:06:04Z,2190,451,2190,27,91444,Dart,"{'key': 'apache-2.0', 'name': 'Apache License 2.0', 'spdx_id': 'Apache-2.0', 'url': 'https://api.github.com/licenses/apache-2.0', 'node_id': 'MDc6TGljZW5zZTI='}",True,False,"['android', 'app', 'dart', 'flutter', 'ios', 'taobao', 'taobao-app']",1,2,"{'overall_score': 0.564, 'component_scores': {'popularity': 0.833, 'activity': 0.395, 'code_quality': 0.5, 'community': 0.045, 'maintenance': 1.0}, 'quality_tier': 'Average'}"
rikkahub/rikkahub,https://github.com/rikkahub/rikkahub.git,RikkaHub is a Android APP that supports for multiple LLM providers.,2025-03-11T14:46:55Z,2025-10-19T08:34:45Z,2149,123,2149,64,33517,Kotlin,"{'key': 'other', 'name': 'Other', 'spdx_id': 'NOASSERTION', 'url': None, 'node_id': 'MDc6TGljZW5zZTA='}",False,False,"['android', 'app', 'chatbot-ui', 'chatbox', 'chatgpt', 'deepseek', 'gemini', 'jetpack-compose', 'llm-ui', 'mcp', 'ollama-ui', 'openrouter']",2,2,"{'overall_score': 0.484, 'component_scores': {'popularity': 0.786, 'activity': 0.405, 'code_quality': 0.5, 'community': 0.071, 'maintenance': 0.5}, 'quality_tier': 'Average'}"
superhighfives/pika,https://github.com/superhighfives/pika.git,An open-source colour picker app for macOS,2020-12-29T12:42:47Z,2025-10-17T13:12:27Z,2147,64,2147,16,2558,Swift,"{'key': 'mit', 'name': 'MIT License', 'spdx_id': 'MIT', 'url': 'https://api.github.com/licenses/mit', 'node_id': 'MDc6TGljZW5zZTEz'}",True,False,"['app', 'macos', 'swift', 'swiftui', 'xcode']",2,2,"{'overall_score': 0.611, 'component_scores': {'popularity': 0.764, 'activity': 0.398, 'code_quality': 0.8, 'community': 0.071, 'maintenance': 1.0}, 'quality_tier': 'Good'}"
janoodleFTW/timy-messenger,https://github.com/janoodleFTW/timy-messenger.git,Timy - open source mobile app for groups to communicate and organize themselves. Built with flutter.,2019-10-01T12:06:13Z,2025-10-10T23:42:30Z,2107,453,2107,21,15561,Dart,"{'key': 'apache-2.0', 'name': 'Apache License 2.0', 'spdx_id': 'Apache-2.0', 'url': 'https://api.github.com/licenses/apache-2.0', 'node_id': 'MDc6TGljZW5zZTI='}",False,False,"['android', 'app', 'firebase', 'flutter', 'ios', 'kotlin', 'messaging', 'messenger', 'swift']",2,2,"{'overall_score': 0.536, 'component_scores': {'popularity': 0.831, 'activity': 0.392, 'code_quality': 0.5, 'community': 0.071, 'maintenance': 0.8}, 'quality_tier': 'Average'}"
olmps/memo,https://github.com/olmps/memo.git,"Memo is an open-source, programming-oriented spaced repetition software (SRS) written in Flutter.",2021-03-02T11:54:56Z,2025-10-14T19:19:20Z,1853,161,1853,29,6834,Dart,"{'key': 'bsd-3-clause', 'name': 'BSD 3-Clause ""New"" or ""Revised"" License', 'spdx_id': 'BSD-3-Clause', 'url': 'https://api.github.com/licenses/bsd-3-clause', 'node_id': 'MDc6TGljZW5zZTU='}",True,False,"['app', 'flutter', 'spaced-repetition']",2,2,"{'overall_score': 0.616, 'component_scores': {'popularity': 0.786, 'activity': 0.396, 'code_quality': 0.8, 'community': 0.071, 'maintenance': 1.0}, 'quality_tier': 'Good'}"
ptrpaws/Oculess,https://github.com/ptrpaws/Oculess.git,Removes account requirements and telemetry from Oculus Quest devices,2021-01-15T19:28:57Z,2025-10-08T20:11:42Z,1849,74,1849,16,298,Kotlin,"{'key': 'unlicense', 'name': 'The Unlicense', 'spdx_id': 'Unlicense', 'url': 'https://api.github.com/licenses/unlicense', 'node_id': 'MDc6TGljZW5zZTE1'}",True,False,"['account', 'apk', 'app', 'facebook', 'oculus', 'oculus-quest', 'quest', 'telemetry']",2,2,"{'overall_score': 0.608, 'component_scores': {'popularity': 0.758, 'activity': 0.39, 'code_quality': 0.8, 'community': 0.071, 'maintenance': 1.0}, 'quality_tier': 'Good'}"
smapiot/piral,https://github.com/smapiot/piral.git,🚀 Framework for next generation web apps using micro frontends. ⭐️ Star to support our work! ,2019-02-15T15:18:52Z,2025-10-19T04:07:45Z,1842,135,1842,9,23232,TypeScript,"{'key': 'mit', 'name': 'MIT License', 'spdx_id': 'MIT', 'url': 'https://api.github.com/licenses/mit', 'node_id': 'MDc6TGljZW5zZTEz'}",False,False,"['app', 'awesome', 'blazing', 'frontend', 'hacktoberfest', 'micro-frontend', 'microfrontend', 'microfrontends', 'microfrontends-demo', 'microservices', 'modules', 'nextgen', 'piral', 'portal', 'react', 'spa', 'typescript', 'web', 'webapp', 'webapplication']",2,2,"{'overall_score': 0.526, 'component_scores': {'popularity': 0.779, 'activity': 0.4, 'code_quality': 0.5, 'community': 0.071, 'maintenance': 0.8}, 'quality_tier': 'Average'}"
mcuking/mobile-web-best-practice,https://github.com/mcuking/mobile-web-best-practice.git,:tiger: 移动 web 最佳实践,2019-08-10T06:34:14Z,2025-10-02T16:27:07Z,1746,275,1746,5,3387,TypeScript,"{'key': 'mit', 'name': 'MIT License', 'spdx_id': 'MIT', 'url': 'https://api.github.com/licenses/mit', 'node_id': 'MDc6TGljZW5zZTEz'}",True,True,"['app', 'best-practice', 'h5', 'hybrid', 'vue']",2,2,"{'overall_score': 0.586, 'component_scores': {'popularity': 0.8, 'activity': 0.382, 'code_quality': 0.8, 'community': 0.071, 'maintenance': 0.8}, 'quality_tier': 'Average'}"
alyssaxuu/later,https://github.com/alyssaxuu/later.git,Save all your Mac apps for later with one click 🖱️,2022-07-01T12:38:17Z,2025-10-18T21:29:03Z,1702,74,1702,21,4166,Swift,"{'key': 'mit', 'name': 'MIT License', 'spdx_id': 'MIT', 'url': 'https://api.github.com/licenses/mit', 'node_id': 'MDc6TGljZW5zZTEz'}",False,False,"['app', 'app-manager', 'dmg', 'macos', 'menu', 'menubar', 'menubar-app', 'productivity', 'swift', 'swiftui', 'window-management', 'window-manager', 'workspace', 'workspace-manager', 'xcode']",1,2,"{'overall_score': 0.575, 'component_scores': {'popularity': 0.752, 'activity': 0.401, 'code_quality': 0.8, 'community': 0.045, 'maintenance': 0.8}, 'quality_tier': 'Average'}"
karolkozer/planby,https://github.com/karolkozer/planby.git,,2022-02-02T10:44:19Z,2025-10-14T05:29:18Z,1698,113,1698,7,9187,TypeScript,"{'key': 'other', 'name': 'Other', 'spdx_id': 'NOASSERTION', 'url': None, 'node_id': 'MDc6TGljZW5zZTA='}",True,False,"['app', 'component', 'eletronic', 'epg', 'events', 'guide', 'harmonogram', 'hooks', 'music', 'online', 'program', 'react', 'schedule', 'television', 'tv', 'vod', 'web', 'website']",2,2,"{'overall_score': 0.536, 'component_scores': {'popularity': 0.766, 'activity': 0.395, 'code_quality': 0.8, 'community': 0.071, 'maintenance': 0.5}, 'quality_tier': 'Average'}"
signerlabs/Klee,https://github.com/signerlabs/Klee.git,Secure and local AI on your desktop with a built-in RAG knowledge base and Markdown note support.,2025-02-27T03:34:31Z,2025-10-18T16:16:44Z,1664,134,1664,20,17573,TypeScript,"{'key': 'mit', 'name': 'MIT License', 'spdx_id': 'MIT', 'url': 'https://api.github.com/licenses/mit', 'node_id': 'MDc6TGljZW5zZTEz'}",True,False,"['app', 'klee', 'llamaindex', 'markdown', 'ollama', 'rag', 'self-hosted', 'ui']",2,2,"{'overall_score': 0.554, 'component_scores': {'popularity': 0.771, 'activity': 0.404, 'code_quality': 0.5, 'community': 0.071, 'maintenance': 1.0}, 'quality_tier': 'Average'}"
rlxone/Equinox,https://github.com/rlxone/Equinox.git,🌇 🌃  Create dynamic wallpapers for macOS.,2021-10-24T02:16:18Z,2025-10-18T19:59:01Z,1528,45,1528,15,23126,Swift,"{'key': 'mit', 'name': 'MIT License', 'spdx_id': 'MIT', 'url': 'https://api.github.com/licenses/mit', 'node_id': 'MDc6TGljZW5zZTEz'}",True,False,"['app', 'appkit', 'application', 'dynamic', 'macos', 'native', 'swift', 'wallpaper']",2,2,"{'overall_score': 0.542, 'component_scores': {'popularity': 0.726, 'activity': 0.401, 'code_quality': 0.5, 'community': 0.071, 'maintenance': 1.0}, 'quality_tier': 'Average'}"
Mayandev/morec,https://github.com/Mayandev/morec.git,🎥 A beautiful movie application build by flutter.,2019-03-25T04:24:55Z,2025-09-28T02:36:40Z,1525,239,1525,6,41942,Dart,"{'key': 'mit', 'name': 'MIT License', 'spdx_id': 'MIT', 'url': 'https://api.github.com/licenses/mit', 'node_id': 'MDc6TGljZW5zZTEz'}",True,False,"['app', 'douban-movie', 'flutter', 'flutter-movie', 'flutter-movie-app']",1,2,"{'overall_score': 0.547, 'component_scores': {'popularity': 0.784, 'activity': 0.377, 'code_quality': 0.5, 'community': 0.045, 'maintenance': 1.0}, 'quality_tier': 'Average'}"
JHubi1/ollama-app,https://github.com/JHubi1/ollama-app.git,A modern and easy-to-use client for Ollama,2024-05-23T08:26:49Z,2025-10-18T21:29:40Z,1521,163,1521,29,12633,Dart,"{'key': 'apache-2.0', 'name': 'Apache License 2.0', 'spdx_id': 'Apache-2.0', 'url': 'https://api.github.com/licenses/apache-2.0', 'node_id': 'MDc6TGljZW5zZTI='}",True,False,"['ai', 'android', 'app', 'linux', 'llama', 'localai', 'ollama', 'ollama-client', 'windows']",2,2,"{'overall_score': 0.554, 'component_scores': {'popularity': 0.77, 'activity': 0.402, 'code_quality': 0.5, 'community': 0.071, 'maintenance': 1.0}, 'quality_tier': 'Average'}"
microsoft/AzureTipsAndTricks,https://github.com/microsoft/AzureTipsAndTricks.git,"Learn some of our favorite Azure tips and tricks—some long-standing, and new ones that have recently been added to become more productive with Azure. Star the repo now to shave hours off your coding tasks tomorrow.",2019-01-16T03:05:18Z,2025-10-09T22:54:18Z,1517,487,1517,10,520164,Vue,"{'key': 'cc-by-4.0', 'name': 'Creative Commons Attribution 4.0 International', 'spdx_id': 'CC-BY-4.0', 'url': 'https://api.github.com/licenses/cc-by-4.0', 'node_id': 'MDc6TGljZW5zZTI1'}",False,True,"['app', 'azure', 'docs', 'service', 'tips', 'tricks']",2,2,"{'overall_score': 0.56, 'component_scores': {'popularity': 0.808, 'activity': 0.391, 'code_quality': 0.5, 'community': 0.071, 'maintenance': 1.0}, 'quality_tier': 'Average'}"
jeecgboot/JeecgUniapp,https://github.com/jeecgboot/JeecgUniapp.git,JeecgBoot配套APP移动解决方案，采用uniapp架构！一份代码多终端适配，同时支持APP、小程序、H5、鸿蒙！实现了与JeecgBoot平台完美对接，目前已经实现登录、用户信息、通讯录、公告、移动首页、九宫格等基础功能。,2020-06-08T03:44:35Z,2025-10-16T06:45:55Z,1507,769,1507,24,4861,Vue,"{'key': 'apache-2.0', 'name': 'Apache License 2.0', 'spdx_id': 'Apache-2.0', 'url': 'https://api.github.com/licenses/apache-2.0', 'node_id': 'MDc6TGljZW5zZTI='}",True,False,"['app', 'h5', 'jeecg', 'jeecg-uniapp', 'jeecgboot', 'jeecgboot-uniapp', 'uniapp', 'vite', 'vue', 'vue3', 'weixin', 'weixin-app']",2,2,"{'overall_score': 0.626, 'component_scores': {'popularity': 0.824, 'activity': 0.397, 'code_quality': 0.8, 'community': 0.071, 'maintenance': 1.0}, 'quality_tier': 'Good'}"
Hamza417/Inure,https://github.com/Hamza417/Inure.git,"An elegant and beautiful premium Android app manager for rooted and non-rooted devices with a built-in terminal, analytics, virustotal, debloat, stats and various other features with a custom theme engine, developed with purely custom UI design and reproducible build.",2021-03-07T18:31:46Z,2025-10-19T05:15:08Z,1499,72,1499,5,106504,Kotlin,"{'key': 'gpl-3.0', 'name': 'GNU General Public License v3.0', 'spdx_id': 'GPL-3.0', 'url': 'https://api.github.com/licenses/gpl-3.0', 'node_id': 'MDc6TGljZW5zZTk='}",False,True,"['android', 'android-app', 'android-application', 'animations', 'app', 'c', 'interface', 'java', 'kotlin', 'manager', 'mvvm', 'root', 'shizuku', 'terminal', 'terminal-emulators', 'tool', 'ui', 'utilities']",2,2,"{'overall_score': 0.546, 'component_scores': {'popularity': 0.741, 'activity': 0.401, 'code_quality': 0.5, 'community': 0.071, 'maintenance': 1.0}, 'quality_tier': 'Average'}"
Tasshack/dreame-vacuum,https://github.com/Tasshack/dreame-vacuum.git,Home Assistant integration for Dreame robot vacuums with map support,2022-10-02T12:59:19Z,2025-10-17T19:27:41Z,1482,191,1482,26,83875,Python,"{'key': 'mit', 'name': 'MIT License', 'spdx_id': 'MIT', 'url': 'https://api.github.com/licenses/mit', 'node_id': 'MDc6TGljZW5zZTEz'}",False,False,"['app', 'automation', 'cloud', 'dreame', 'dreamehome', 'dreametech', 'hacs', 'home-assistant', 'homeassistant', 'integration', 'map', 'mi-home', 'miio', 'robot', 'vacuum', 'vacuum-map', 'xiaomi']",2,2,"{'overall_score': 0.524, 'component_scores': {'popularity': 0.774, 'activity': 0.4, 'code_quality': 0.5, 'community': 0.071, 'maintenance': 0.8}, 'quality_tier': 'Average'}"
LinwoodDev/Butterfly,https://github.com/LinwoodDev/Butterfly.git,"🎨 Powerful, minimalistic, cross-platform, opensource note-taking app",2020-12-21T08:47:28Z,2025-10-18T22:06:52Z,1469,108,1469,48,84409,Dart,"{'key': 'agpl-3.0', 'name': 'GNU Affero General Public License v3.0', 'spdx_id': 'AGPL-3.0', 'url': 'https://api.github.com/licenses/agpl-3.0', 'node_id': 'MDc6TGljZW5zZTE='}",False,False,"['android', 'app', 'cross-platform', 'customizable', 'dart', 'dartlang', 'drawing', 'flutter', 'linux', 'note', 'note-taking', 'notes', 'notes-app', 'onenote', 'opensource', 'productivity', 'web', 'windows', 'writing']",2,2,"{'overall_score': 0.519, 'component_scores': {'popularity': 0.753, 'activity': 0.401, 'code_quality': 0.5, 'community': 0.071, 'maintenance': 0.8}, 'quality_tier': 'Average'}"
jonjomckay/fritter,https://github.com/jonjomckay/fritter.git,A privacy-friendly Twitter frontend for mobile devices,2021-02-02T21:32:37Z,2025-10-16T08:36:46Z,1440,91,1440,166,5419,Dart,"{'key': 'mit', 'name': 'MIT License', 'spdx_id': 'MIT', 'url': 'https://api.github.com/licenses/mit', 'node_id': 'MDc6TGljZW5zZTEz'}",True,False,"['android', 'app', 'ios', 'twitter']",2,2,"{'overall_score': 0.606, 'component_scores': {'popularity': 0.745, 'activity': 0.397, 'code_quality': 0.8, 'community': 0.071, 'maintenance': 1.0}, 'quality_tier': 'Good'}"
yulimchen/vue3-h5-template,https://github.com/yulimchen/vue3-h5-template.git,"🌱 A ready-to-use mobile project base template built with the Vue3, Vant, and Vite. | 基于 Vue3、Vite5、TypeScript/JavaScript、Tailwindcss、Vant4，开箱即用的移动端项目基础模板",2019-12-05T12:17:33Z,2025-10-18T03:44:58Z,1397,315,1397,4,7071,TypeScript,"{'key': 'mit', 'name': 'MIT License', 'spdx_id': 'MIT', 'url': 'https://api.github.com/licenses/mit', 'node_id': 'MDc6TGljZW5zZTEz'}",True,True,"['app', 'demo', 'eruda', 'h5', 'i18n', 'iconify', 'javascript', 'js', 'mobile', 'pinia', 'starter', 'tailwindcss', 'template', 'ts', 'typescript', 'vant', 'vite', 'vmin', 'vue', 'vue3']",2,2,"{'overall_score': 0.617, 'component_scores': {'popularity': 0.786, 'activity': 0.399, 'code_quality': 0.8, 'community': 0.071, 'maintenance': 1.0}, 'quality_tier': 'Good'}"
sindresorhus/System-Color-Picker,https://github.com/sindresorhus/System-Color-Picker.git,🎨 The macOS color picker as an app with more features,2021-05-05T11:24:11Z,2025-10-16T01:22:30Z,1364,66,1364,11,133,,,False,False,"['app', 'color-picker', 'macos', 'macos-app', 'swift', 'swiftui']",1,2,"{'overall_score': 0.524, 'component_scores': {'popularity': 0.73, 'activity': 0.397, 'code_quality': 0.8, 'community': 0.045, 'maintenance': 0.5}, 'quality_tier': 'Average'}"
ItsPi3141/alpaca-electron,https://github.com/ItsPi3141/alpaca-electron.git,The simplest way to run Alpaca (and other LLaMA-based local LLMs) on your own computer,2023-03-24T21:26:54Z,2025-10-14T20:06:10Z,1311,145,1311,34,16444,JavaScript,"{'key': 'mit', 'name': 'MIT License', 'spdx_id': 'MIT', 'url': 'https://api.github.com/licenses/mit', 'node_id': 'MDc6TGljZW5zZTEz'}",True,False,"['ai', 'alpaca', 'alpaca-electron', 'app', 'chat', 'chatgpt', 'dalai', 'docker', 'electron', 'electron-app', 'linux', 'llama', 'macos', 'ui', 'webui', 'windows']",2,2,"{'overall_score': 0.548, 'component_scores': {'popularity': 0.754, 'activity': 0.397, 'code_quality': 0.5, 'community': 0.071, 'maintenance': 1.0}, 'quality_tier': 'Average'}"
likeadmin-likeshop/likeshop,https://github.com/likeadmin-likeshop/likeshop.git,🔥🔥🔥 likeshop开源免费商用电商系统，PC商城、H5商城、小程序商城、安卓APP商城、苹果APP商城，免费商用。场景：B2C商城，新零售商城，社交电商商城，分销系统商城，分销电商商城，小程序商城，商城源码，商城系统，单商户，多商户，电商系统，直播，uniapp，uni-app，B2B2C，B2B，O2O，ERP，Wechat，交易系统，内容系统，雷达，crm,2021-01-09T03:06:14Z,2025-10-16T02:42:49Z,1269,290,1269,10,83699,PHP,"{'key': 'apache-2.0', 'name': 'Apache License 2.0', 'spdx_id': 'Apache-2.0', 'url': 'https://api.github.com/licenses/apache-2.0', 'node_id': 'MDc6TGljZW5zZTI='}",True,False,"['android', 'app', 'b2c', 'docker', 'ios', 'likeshop', 'node', 'php', 'shop', 'thinkphp', 'uniapp', 'vue', 'wechat', 'wechat-app', 'wechat-mini-program', 'wechat-pay']",2,2,"{'overall_score': 0.554, 'component_scores': {'popularity': 0.776, 'activity': 0.397, 'code_quality': 0.5, 'community': 0.071, 'maintenance': 1.0}, 'quality_tier': 'Average'}"
marchellodev/sharik,https://github.com/marchellodev/sharik.git,"Sharik is an open-source, cross-platform solution for sharing files via Wi-Fi or Mobile Hotspot",2020-02-18T19:01:02Z,2025-10-18T21:38:15Z,1245,114,1245,67,7167,Dart,"{'key': 'mit', 'name': 'MIT License', 'spdx_id': 'MIT', 'url': 'https://api.github.com/licenses/mit', 'node_id': 'MDc6TGljZW5zZTEz'}",False,False,"['android', 'app', 'cross-platform', 'file-sharing', 'flutter', 'linux', 'macos', 'windows']",2,2,"{'overall_score': 0.576, 'component_scores': {'popularity': 0.742, 'activity': 0.401, 'code_quality': 0.8, 'community': 0.071, 'maintenance': 0.8}, 'quality_tier': 'Average'}"
zhiyiYo/Fluent-M3U8,https://github.com/zhiyiYo/Fluent-M3U8.git,A cross-platform m3u8/mpd downloader based on PySide6 and QFluentWidgets.,2025-02-05T06:52:14Z,2025-10-18T20:16:48Z,1230,73,1230,14,3174,Python,"{'key': 'gpl-3.0', 'name': 'GNU General Public License v3.0', 'spdx_id': 'GPL-3.0', 'url': 'https://api.github.com/licenses/gpl-3.0', 'node_id': 'MDc6TGljZW5zZTk='}",False,False,"['app', 'dash', 'fluent', 'gui', 'live', 'm3u8', 'm3u8-downloader', 'mpd', 'pyside', 'pyside6', 'qt']",1,2,"{'overall_score': 0.569, 'component_scores': {'popularity': 0.725, 'activity': 0.404, 'code_quality': 0.8, 'community': 0.045, 'maintenance': 0.8}, 'quality_tier': 'Average'}"
ClaudiuGeorgiu/Obfuscapk,https://github.com/ClaudiuGeorgiu/Obfuscapk.git,"An automatic obfuscation tool for Android apps that works in a black-box fashion, supports advanced obfuscation features and has a modular architecture easily extensible with new techniques",2019-08-15T12:13:29Z,2025-10-18T23:52:57Z,1208,301,1208,0,7438,Python,"{'key': 'mit', 'name': 'MIT License', 'spdx_id': 'MIT', 'url': 'https://api.github.com/licenses/mit', 'node_id': 'MDc6TGljZW5zZTEz'}",False,False,"['android', 'apk', 'apktool', 'app', 'application', 'black-box', 'obfuscapk', 'obfuscation', 'smali']",2,2,"{'overall_score': 0.637, 'component_scores': {'popularity': 0.773, 'activity': 0.4, 'code_quality': 0.8, 'community': 0.421, 'maintenance': 0.8}, 'quality_tier': 'Good'}"
mytv-android/mytv-android,https://github.com/mytv-android/mytv-android.git,基于天光云影3.3.9，使用Android原生开发的电视直播软件  An Android IPTV player developed by Jetpack Compose,2025-02-20T07:04:45Z,2025-10-19T07:13:05Z,1150,168,1150,2,185366,,"{'key': 'mit', 'name': 'MIT License', 'spdx_id': 'MIT', 'url': 'https://api.github.com/licenses/mit', 'node_id': 'MDc6TGljZW5zZTEz'}",False,False,"['android', 'android-tv', 'app', 'iptv', 'kotlin', 'm3u', 'mytv', 'player', 'television', 'tv', 'tvbox', 'video-player', 'webview', 'xtream']",1,2,"{'overall_score': 0.515, 'component_scores': {'popularity': 0.749, 'activity': 0.405, 'code_quality': 0.5, 'community': 0.045, 'maintenance': 0.8}, 'quality_tier': 'Average'}"
patzly/grocy-android,https://github.com/patzly/grocy-android.git,"ERP beyond your fridge, now on your phone – An awesome companion app for Grocy",2020-04-06T20:01:15Z,2025-10-17T10:19:38Z,1062,110,1062,131,57857,Java,"{'key': 'gpl-3.0', 'name': 'GNU General Public License v3.0', 'spdx_id': 'GPL-3.0', 'url': 'https://api.github.com/licenses/gpl-3.0', 'node_id': 'MDc6TGljZW5zZTk='}",False,False,"['android', 'android-app', 'app', 'barcode-scanning', 'groceries', 'grocy', 'grocy-android', 'material-components']",2,2,"{'overall_score': 0.512, 'component_scores': {'popularity': 0.728, 'activity': 0.398, 'code_quality': 0.5, 'community': 0.071, 'maintenance': 0.8}, 'quality_tier': 'Average'}"
stevenpersia/tinder-react-native,https://github.com/stevenpersia/tinder-react-native.git,Tinder clone - React Native.,2019-01-14T16:43:35Z,2025-10-19T06:33:20Z,1045,368,1045,3,21940,JavaScript,"{'key': 'mit', 'name': 'MIT License', 'spdx_id': 'MIT', 'url': 'https://api.github.com/licenses/mit', 'node_id': 'MDc6TGljZW5zZTEz'}",False,False,"['app', 'clone', 'mobile-app', 'react-native', 'tinder']",2,2,"{'overall_score': 0.523, 'component_scores': {'popularity': 0.769, 'activity': 0.4, 'code_quality': 0.5, 'community': 0.071, 'maintenance': 0.8}, 'quality_tier': 'Average'}"
aheze/OpenFind,https://github.com/aheze/OpenFind.git,An app to find text in real life.,2019-10-14T00:33:00Z,2025-10-15T09:31:48Z,1043,71,1043,4,669393,Swift,"{'key': 'mit', 'name': 'MIT License', 'spdx_id': 'MIT', 'url': 'https://api.github.com/licenses/mit', 'node_id': 'MDc6TGljZW5zZTEz'}",True,False,"['app', 'camera', 'find', 'hacktoberfest', 'ios', 'ocr', 'photos', 'realm', 'swift', 'swiftui', 'uikit', 'vision']",1,2,"{'overall_score': 0.533, 'component_scores': {'popularity': 0.711, 'activity': 0.396, 'code_quality': 0.5, 'community': 0.045, 'maintenance': 1.0}, 'quality_tier': 'Average'}"
Acclorite/book-story,https://github.com/Acclorite/book-story.git,"Book's Story — Material You eBook reader built with Jetpack Compose. Free & Open source & Ad-free, with extensive customization options and support for multiple file formats.",2023-12-29T22:20:50Z,2025-10-18T23:16:33Z,994,59,994,48,68739,Kotlin,"{'key': 'gpl-3.0', 'name': 'GNU General Public License v3.0', 'spdx_id': 'GPL-3.0', 'url': 'https://api.github.com/licenses/gpl-3.0', 'node_id': 'MDc6TGljZW5zZTk='}",False,False,"['android', 'app', 'application', 'book-reader', 'epub', 'epub-reader', 'fb2', 'fb2-reader', 'fdroid', 'foss', 'izzyondroid', 'jetpack-compose', 'kotlin', 'material-you', 'pdf', 'pdf-reader', 'reading', 'txt', 'txt-reader']",2,2,"{'overall_score': 0.506, 'component_scores': {'popularity': 0.701, 'activity': 0.402, 'code_quality': 0.5, 'community': 0.071, 'maintenance': 0.8}, 'quality_tier': 'Average'}"
qwersyk/Newelle,https://github.com/qwersyk/Newelle.git,Newelle - Your Ultimate Virtual Assistant,2023-06-11T07:43:48Z,2025-10-19T04:06:24Z,976,76,976,34,9131,Python,"{'key': 'gpl-3.0', 'name': 'GNU General Public License v3.0', 'spdx_id': 'GPL-3.0', 'url': 'https://api.github.com/licenses/gpl-3.0', 'node_id': 'MDc6TGljZW5zZTk='}",True,False,"['adwaita', 'ai', 'app', 'gnome', 'gtk', 'gtk4', 'linux']",2,2,"{'overall_score': 0.598, 'component_scores': {'popularity': 0.708, 'activity': 0.401, 'code_quality': 0.8, 'community': 0.071, 'maintenance': 1.0}, 'quality_tier': 'Average'}"
mlomb/chat-analytics,https://github.com/mlomb/chat-analytics.git,"Generate interactive, beautiful and insightful chat analysis reports",2021-07-26T00:41:27Z,2025-10-17T18:28:12Z,969,69,969,23,14899,TypeScript,"{'key': 'agpl-3.0', 'name': 'GNU Affero General Public License v3.0', 'spdx_id': 'AGPL-3.0', 'url': 'https://api.github.com/licenses/agpl-3.0', 'node_id': 'MDc6TGljZW5zZTE='}",False,False,"['analysis', 'analytics', 'analyzer', 'app', 'chat', 'chat-analysis', 'chat-analyzer', 'cli', 'data-visualization', 'discord', 'telegram', 'whatsapp']",2,2,"{'overall_score': 0.507, 'component_scores': {'popularity': 0.704, 'activity': 0.4, 'code_quality': 0.5, 'community': 0.071, 'maintenance': 0.8}, 'quality_tier': 'Average'}"
raivo-otp/ios-application,https://github.com/raivo-otp/ios-application.git,"A native, lightweight and secure one-time-password (OTP) client built for iOS; Raivo OTP!",2019-04-15T17:01:34Z,2025-09-29T22:40:46Z,933,92,933,123,382976,Swift,"{'key': 'other', 'name': 'Other', 'spdx_id': 'NOASSERTION', 'url': None, 'node_id': 'MDc6TGljZW5zZTA='}",False,False,"['app', 'client', 'counter', 'factor', 'fast', 'ios', 'lightweight', 'native', 'one', 'otp', 'password', 'second', 'secure', 'swift', 'time', 'token', 'two']",2,2,"{'overall_score': 0.458, 'component_scores': {'popularity': 0.711, 'activity': 0.38, 'code_quality': 0.5, 'community': 0.071, 'maintenance': 0.5}, 'quality_tier': 'Average'}"
notion-enhancer/notion-repackaged,https://github.com/notion-enhancer/notion-repackaged.git,notion executables with the notion-enhancer embedded & a vanilla port of the official app to linux,2021-06-18T06:36:04Z,2025-10-17T08:35:47Z,926,55,926,29,123,Shell,"{'key': 'mit', 'name': 'MIT License', 'spdx_id': 'MIT', 'url': 'https://api.github.com/licenses/mit', 'node_id': 'MDc6TGljZW5zZTEz'}",True,False,"['app', 'arch-linux', 'aur', 'automate', 'debian', 'electron', 'embed', 'fedora', 'linux', 'linux-mint', 'macos', 'manjaro', 'notion', 'notion-enhancer', 'pop-os', 'rebuild', 'ubuntu', 'windows']",2,2,"{'overall_score': 0.593, 'component_scores': {'popularity': 0.692, 'activity': 0.398, 'code_quality': 0.8, 'community': 0.071, 'maintenance': 1.0}, 'quality_tier': 'Average'}"
paradiseduo/appdecrypt,https://github.com/paradiseduo/appdecrypt.git,appdecrypt is a tool to make decrypt application encrypted binaries on macOS when SIP-enabled  (macOS 11.3 or below),2021-07-29T08:44:31Z,2025-10-17T10:13:17Z,916,116,916,9,94,Swift,"{'key': 'gpl-3.0', 'name': 'GNU General Public License v3.0', 'spdx_id': 'GPL-3.0', 'url': 'https://api.github.com/licenses/gpl-3.0', 'node_id': 'MDc6TGljZW5zZTk='}",True,False,"['app', 'dump', 'frida-ios-dump', 'ios', 'ipa', 'ipadump', 'm1', 'mac', 'macho', 'macho-parser', 'mini']",2,2,"{'overall_score': 0.54, 'component_scores': {'popularity': 0.717, 'activity': 0.399, 'code_quality': 0.5, 'community': 0.071, 'maintenance': 1.0}, 'quality_tier': 'Average'}"
pawlik92/flutter_whirlpool,https://github.com/pawlik92/flutter_whirlpool.git,Flutter UI challenge (with Box2D physic)- Smart washing machine app,2020-04-25T16:01:40Z,2025-10-11T21:24:01Z,904,130,904,1,76683,Dart,"{'key': 'mit', 'name': 'MIT License', 'spdx_id': 'MIT', 'url': 'https://api.github.com/licenses/mit', 'node_id': 'MDc6TGljZW5zZTEz'}",False,False,"['app', 'box2d', 'challenge', 'dart', 'flutter', 'flutter-apps', 'neuromorphic', 'smart', 'smart-washing-machine', 'ui', 'ui-challenge']",1,2,"{'overall_score': 0.505, 'component_scores': {'popularity': 0.72, 'activity': 0.393, 'code_quality': 0.5, 'community': 0.045, 'maintenance': 0.8}, 'quality_tier': 'Average'}"
underthestars-zhy/IconChanger,https://github.com/underthestars-zhy/IconChanger.git,Simply change your app's icon on macOS. Just a click.,2022-04-28T05:15:25Z,2025-10-17T02:17:00Z,903,44,903,25,3771,Swift,"{'key': 'mit', 'name': 'MIT License', 'spdx_id': 'MIT', 'url': 'https://api.github.com/licenses/mit', 'node_id': 'MDc6TGljZW5zZTEz'}",False,True,"['app', 'apple', 'macos', 'swift', 'swiftui']",1,2,"{'overall_score': 0.587, 'component_scores': {'popularity': 0.683, 'activity': 0.399, 'code_quality': 0.8, 'community': 0.045, 'maintenance': 1.0}, 'quality_tier': 'Average'}"
lixiang1994/AttributedString,https://github.com/lixiang1994/AttributedString.git,"基于Swift插值方式优雅的构建富文本, 支持点击长按事件, 支持不同类型过滤, 支持自定义视图等.",2019-11-18T02:35:35Z,2025-10-01T11:42:44Z,896,81,896,18,10421,Swift,"{'key': 'mit', 'name': 'MIT License', 'spdx_id': 'MIT', 'url': 'https://api.github.com/licenses/mit', 'node_id': 'MDc6TGljZW5zZTEz'}",True,False,"['app', 'apple', 'attributedstring', 'attributes', 'click', 'cocoapods', 'ios', 'label', 'macos', 'nsattributedstring', 'paragraph', 'regex', 'rich-text', 'string', 'swift', 'swift5', 'text', 'textview', 'tvos', 'watchos']",2,2,"{'overall_score': 0.532, 'component_scores': {'popularity': 0.703, 'activity': 0.381, 'code_quality': 0.5, 'community': 0.071, 'maintenance': 1.0}, 'quality_tier': 'Average'}"
xiaoyvyv/bangumi,https://github.com/xiaoyvyv/bangumi.git,Bangumi for Android - A full-featured unofficial android native application for the bangumi.tv,2023-11-24T09:45:47Z,2025-10-19T08:46:28Z,896,20,896,48,148387,Kotlin,,True,True,"['acg', 'android', 'anime', 'app', 'bangmui', 'bgm', 'bilibili', 'chii', 'chobits', 'client', 'comic', 'game', 'kotlin', 'mikanani', 'music', 'native', 'rank', 'tv']",0,2,"{'overall_score': 0.469, 'component_scores': {'popularity': 0.655, 'activity': 0.402, 'code_quality': 0.5, 'community': 0.0, 'maintenance': 0.7}, 'quality_tier': 'Average'}"
wuba/react-native-echarts,https://github.com/wuba/react-native-echarts.git,"📈 React Native ECharts Library: An awesome charting library for React Native, built upon Apache ECharts and leveraging react-native-svg and react-native-skia. Offers significantly better performance compared to WebView-based solutions.",2023-01-09T06:12:24Z,2025-10-14T09:48:39Z,895,33,895,42,236412,TypeScript,"{'key': 'apache-2.0', 'name': 'Apache License 2.0', 'spdx_id': 'Apache-2.0', 'url': 'https://api.github.com/licenses/apache-2.0', 'node_id': 'MDc6TGljZW5zZTI='}",True,True,"['android', 'app', 'chart', 'charts', 'echarts', 'ios', 'react', 'react-native', 'skia', 'svg']",2,2,"{'overall_score': 0.528, 'component_scores': {'popularity': 0.672, 'activity': 0.396, 'code_quality': 0.5, 'community': 0.071, 'maintenance': 1.0}, 'quality_tier': 'Average'}"
FreeterApp/Freeter,https://github.com/FreeterApp/Freeter.git,Freeter – a smarter way to work on your computer,2024-01-05T16:15:24Z,2025-10-19T01:24:53Z,881,53,881,10,6901,TypeScript,"{'key': 'gpl-3.0', 'name': 'GNU General Public License v3.0', 'spdx_id': 'GPL-3.0', 'url': 'https://api.github.com/licenses/gpl-3.0', 'node_id': 'MDc6TGljZW5zZTk='}",False,False,"['app', 'linux', 'macos', 'productivity', 'software', 'windows']",2,2,"{'overall_score': 0.563, 'component_scores': {'popularity': 0.687, 'activity': 0.402, 'code_quality': 0.8, 'community': 0.071, 'maintenance': 0.8}, 'quality_tier': 'Average'}"
darkmoonight/Rain,https://github.com/darkmoonight/Rain.git,🌦️ Weather application,2023-01-15T14:48:52Z,2025-10-17T18:35:50Z,863,66,863,46,14065,Dart,"{'key': 'mit', 'name': 'MIT License', 'spdx_id': 'MIT', 'url': 'https://api.github.com/licenses/mit', 'node_id': 'MDc6TGljZW5zZTEz'}",True,False,"['android', 'app', 'application', 'dart', 'flutter', 'flutter-app', 'map', 'mobile', 'open-meteo', 'open-meteo-api', 'openstreetmap', 'weather', 'weather-app', 'weatherapp']",2,2,"{'overall_score': 0.534, 'component_scores': {'popularity': 0.693, 'activity': 0.4, 'code_quality': 0.5, 'community': 0.071, 'maintenance': 1.0}, 'quality_tier': 'Average'}"
waylaidwanderer/PandoraAI,https://github.com/waylaidwanderer/PandoraAI.git,"PandoraAI is a web chat client powered by node-chatgpt-api, allowing users to easily chat with multiple AI systems while also offering support for custom presets. With its seamless and convenient design, PandoraAI provides an engaging conversational AI experience.",2023-02-27T22:16:53Z,2025-10-16T08:31:08Z,856,217,856,22,4188,Vue,"{'key': 'mit', 'name': 'MIT License', 'spdx_id': 'MIT', 'url': 'https://api.github.com/licenses/mit', 'node_id': 'MDc6TGljZW5zZTEz'}",True,False,"['ai', 'app', 'bing', 'chatgpt', 'chatgpt-api', 'client', 'gpt-3', 'nuxt', 'openai', 'openai-api', 'vue', 'web-client']",2,2,"{'overall_score': 0.604, 'component_scores': {'popularity': 0.734, 'activity': 0.398, 'code_quality': 0.8, 'community': 0.071, 'maintenance': 1.0}, 'quality_tier': 'Good'}"
shion-app/shion,https://github.com/shion-app/shion.git,Time tracker | 时间追踪 🍂,2022-10-13T12:36:26Z,2025-10-17T17:20:17Z,856,38,856,7,6442,Vue,"{'key': 'gpl-3.0', 'name': 'GNU General Public License v3.0', 'spdx_id': 'GPL-3.0', 'url': 'https://api.github.com/licenses/gpl-3.0', 'node_id': 'MDc6TGljZW5zZTk='}",True,False,"['app', 'browser-history', 'tauri', 'time-tracker', 'time-tracking', 'vue3', 'windows']",1,2,"{'overall_score': 0.585, 'component_scores': {'popularity': 0.673, 'activity': 0.4, 'code_quality': 0.8, 'community': 0.045, 'maintenance': 1.0}, 'quality_tier': 'Average'}"
akuse-app/akuse,https://github.com/akuse-app/akuse.git,🌸 Simple and easy to use anime streaming desktop app without ads.,2023-06-26T22:54:22Z,2025-10-15T17:34:04Z,843,88,843,43,13452,TypeScript,"{'key': 'gpl-3.0', 'name': 'GNU General Public License v3.0', 'spdx_id': 'GPL-3.0', 'url': 'https://api.github.com/licenses/gpl-3.0', 'node_id': 'MDc6TGljZW5zZTk='}",False,False,"['anilist', 'anime', 'app', 'desktop']",2,2,"{'overall_score': 0.506, 'component_scores': {'popularity': 0.701, 'activity': 0.398, 'code_quality': 0.5, 'community': 0.071, 'maintenance': 0.8}, 'quality_tier': 'Average'}"
SimCoderYoutube/InstagramClone,https://github.com/SimCoderYoutube/InstagramClone.git,"Instagram Clone React Native Tutorial 2021 👨‍💻  I'll show you how you can do this in the simplest way and terms possible.  By the end of this series you'll have learned how the big companies do it and will be able to do the same, you not only will be able to do this app, but you'll be able to put what you learn into your very own projects!  In this series, we use React Native with Expo to quickly deploy the project. We use firebase for all our microservice needs like the auth system, database, storage, amongst others.   firebase, redux, react native, javascript, expo. In this series, we'll use all of them and you'll learn them by doing an iconic app.  Welcome to this Simcoder project and make an Instagram Clone!",2020-09-06T11:55:14Z,2025-10-17T05:20:16Z,829,331,829,40,88362,JavaScript,"{'key': 'apache-2.0', 'name': 'Apache License 2.0', 'spdx_id': 'Apache-2.0', 'url': 'https://api.github.com/licenses/apache-2.0', 'node_id': 'MDc6TGljZW5zZTI='}",True,False,"['app', 'expo', 'firebase', 'instagram', 'instagram-clone', 'ios', 'mobile', 'react-native', 'simcoder', 'tutorial']",2,2,"{'overall_score': 0.547, 'component_scores': {'popularity': 0.746, 'activity': 0.398, 'code_quality': 0.5, 'community': 0.071, 'maintenance': 1.0}, 'quality_tier': 'Average'}"
kolplattformen/skolplattformen,https://github.com/kolplattformen/skolplattformen.git,The source code to the civic tech project Öppna Skolplattformen.,2020-12-07T20:48:09Z,2025-10-15T13:11:48Z,805,174,805,48,86067,TypeScript,"{'key': 'apache-2.0', 'name': 'Apache License 2.0', 'spdx_id': 'Apache-2.0', 'url': 'https://api.github.com/licenses/apache-2.0', 'node_id': 'MDc6TGljZW5zZTI='}",True,False,"['app', 'civic-tech', 'react-native', 'school-education']",2,2,"{'overall_score': 0.54, 'component_scores': {'popularity': 0.721, 'activity': 0.396, 'code_quality': 0.5, 'community': 0.071, 'maintenance': 1.0}, 'quality_tier': 'Average'}"
sindresorhus/Pasteboard-Viewer,https://github.com/sindresorhus/Pasteboard-Viewer.git,📋 Inspect the system pasteboards on macOS,2020-02-18T08:55:36Z,2025-10-15T12:39:39Z,794,40,794,8,11097,Swift,"{'key': 'mit', 'name': 'MIT License', 'spdx_id': 'MIT', 'url': 'https://api.github.com/licenses/mit', 'node_id': 'MDc6TGljZW5zZTEz'}",False,False,"['app', 'clipboard', 'clipboard-manager', 'developer-tools', 'macos', 'macos-app', 'nspasteboard', 'pasteboard', 'swift', 'swiftui']",2,2,"{'overall_score': 0.497, 'component_scores': {'popularity': 0.669, 'activity': 0.396, 'code_quality': 0.5, 'community': 0.071, 'maintenance': 0.8}, 'quality_tier': 'Average'}"
fabricezhang/lcg,https://github.com/fabricezhang/lcg.git,吾爱破解第三方安卓应用,2019-07-03T08:23:41Z,2025-10-09T16:03:06Z,788,109,788,5,3056,Kotlin,"{'key': 'mit', 'name': 'MIT License', 'spdx_id': 'MIT', 'url': 'https://api.github.com/licenses/mit', 'node_id': 'MDc6TGljZW5zZTEz'}",True,False,"['app', 'jsoup', 'mvvm']",2,2,"{'overall_score': 0.564, 'component_scores': {'popularity': 0.703, 'activity': 0.39, 'code_quality': 0.8, 'community': 0.071, 'maintenance': 0.8}, 'quality_tier': 'Average'}"
Materialious/Materialious,https://github.com/Materialious/Materialious.git,"Materialious is a modern material design frontend for Invidious, focused on a clean, privacy-friendly YouTube experience. It supports local video fallback when Invidious fails and is available on Web, Desktop, Android, and Android TV.",2024-03-07T04:19:48Z,2025-10-18T04:44:32Z,788,37,788,27,123103,Svelte,"{'key': 'agpl-3.0', 'name': 'GNU Affero General Public License v3.0', 'spdx_id': 'AGPL-3.0', 'url': 'https://api.github.com/licenses/agpl-3.0', 'node_id': 'MDc6TGljZW5zZTE='}",False,False,"['3rd-party', 'android', 'app', 'client', 'custom', 'frontend', 'interface', 'invidious', 'linux', 'macos', 'material', 'privacy', 'self-host', 'smarttv', 'theme', 'tv', 'unraid', 'windows', 'youtube']",2,2,"{'overall_score': 0.497, 'component_scores': {'popularity': 0.666, 'activity': 0.401, 'code_quality': 0.5, 'community': 0.071, 'maintenance': 0.8}, 'quality_tier': 'Average'}"
meetqy/rao-pics,https://github.com/meetqy/rao-pics.git,:electron: 帮助你远程访问 Eagle 的素材库。,2022-12-13T08:44:43Z,2025-10-17T14:48:38Z,787,40,787,41,78281,TypeScript,"{'key': 'agpl-3.0', 'name': 'GNU Affero General Public License v3.0', 'spdx_id': 'AGPL-3.0', 'url': 'https://api.github.com/licenses/agpl-3.0', 'node_id': 'MDc6TGljZW5zZTE='}",False,False,"['app', 'electron', 'electron-app', 'gallery', 'images', 'macos', 'photography', 'photos', 'pwa', 'typescript', 'video', 'windows']",2,2,"{'overall_score': 0.498, 'component_scores': {'popularity': 0.668, 'activity': 0.399, 'code_quality': 0.5, 'community': 0.071, 'maintenance': 0.8}, 'quality_tier': 'Average'}"
ModuleArt/quick-picture-viewer,https://github.com/ModuleArt/quick-picture-viewer.git,"🖼️ Lightweight, versatile desktop image viewer for Windows. The best replacement for the default Windows photo viewer.",2019-12-10T22:51:21Z,2025-10-04T13:57:16Z,787,63,787,70,223954,C#,"{'key': 'gpl-3.0', 'name': 'GNU General Public License v3.0', 'spdx_id': 'GPL-3.0', 'url': 'https://api.github.com/licenses/gpl-3.0', 'node_id': 'MDc6TGljZW5zZTk='}",True,True,"['app', 'application', 'c-sharp', 'dds', 'desktop', 'desktop-app', 'dotnet', 'editor', 'ico', 'image', 'image-viewer', 'lightweight', 'picture', 'picture-viewer', 'screenshoter', 'svg', 'viewer', 'webp', 'windows', 'winforms']",2,2,"{'overall_score': 0.528, 'component_scores': {'popularity': 0.684, 'activity': 0.384, 'code_quality': 0.5, 'community': 0.071, 'maintenance': 1.0}, 'quality_tier': 'Average'}"
patzly/doodle-android,https://github.com/patzly/doodle-android.git,Colorful live wallpapers with auto dark mode and power-efficient animations,2020-12-13T15:51:17Z,2025-10-18T04:27:17Z,782,46,782,27,46264,Java,,False,False,"['android', 'app', 'doodle-android', 'google', 'livewallpaper', 'material-components', 'material-you', 'parallax', 'pixel4', 'wallpapers']",2,2,"{'overall_score': 0.454, 'component_scores': {'popularity': 0.673, 'activity': 0.4, 'code_quality': 0.5, 'community': 0.071, 'maintenance': 0.5}, 'quality_tier': 'Average'}"
Hofknecht/SystemTrayMenu,https://github.com/Hofknecht/SystemTrayMenu.git,SystemTrayMenu - Browse and open your files easily,2019-07-04T09:58:40Z,2025-10-19T08:41:29Z,778,54,778,54,8670,C#,"{'key': 'gpl-3.0', 'name': 'GNU General Public License v3.0', 'spdx_id': 'GPL-3.0', 'url': 'https://api.github.com/licenses/gpl-3.0', 'node_id': 'MDc6TGljZW5zZTk='}",True,False,"['app', 'bookmark', 'browse', 'c-sharp', 'explorer', 'file', 'folder', 'game-launcher', 'keystroke', 'launch', 'manager', 'menu', 'open', 'script', 'start', 'startmenu', 'subfolder', 'systemtray', 'toolbar', 'windows']",2,2,"{'overall_score': 0.59, 'component_scores': {'popularity': 0.678, 'activity': 0.4, 'code_quality': 0.8, 'community': 0.071, 'maintenance': 1.0}, 'quality_tier': 'Average'}"
o1298098/Flutter-Movie,https://github.com/o1298098/Flutter-Movie.git,😎 🎬 A Flutter movie app build with Fish-Redux and The Movie DB api.,2019-06-15T03:32:39Z,2025-10-15T18:14:36Z,738,226,738,26,378284,Dart,"{'key': 'apache-2.0', 'name': 'Apache License 2.0', 'spdx_id': 'Apache-2.0', 'url': 'https://api.github.com/licenses/apache-2.0', 'node_id': 'MDc6TGljZW5zZTI='}",True,False,"['android', 'animation', 'app', 'fish-redux', 'flutter', 'flutter-examples', 'ios', 'movie', 'tmdb-api']",1,2,"{'overall_score': 0.537, 'component_scores': {'popularity': 0.723, 'activity': 0.397, 'code_quality': 0.5, 'community': 0.045, 'maintenance': 1.0}, 'quality_tier': 'Average'}"
leonlatsch/Photok,https://github.com/leonlatsch/Photok.git,Encrypted Gallery App for Android,2020-08-12T18:33:56Z,2025-10-18T16:43:13Z,734,63,734,51,9088,Kotlin,"{'key': 'apache-2.0', 'name': 'Apache License 2.0', 'spdx_id': 'Apache-2.0', 'url': 'https://api.github.com/licenses/apache-2.0', 'node_id': 'MDc6TGljZW5zZTI='}",False,False,"['android', 'android-app', 'app', 'encryption', 'image', 'kotlin', 'photos', 'safe', 'security']",2,2,"{'overall_score': 0.56, 'component_scores': {'popularity': 0.678, 'activity': 0.399, 'code_quality': 0.8, 'community': 0.071, 'maintenance': 0.8}, 'quality_tier': 'Average'}"
danilkinkin/buckwheat,https://github.com/danilkinkin/buckwheat.git,App that helps you spend money wisely for Android made with Jetpack Compose,2022-07-06T21:22:36Z,2025-10-16T22:43:14Z,726,55,726,35,89300,Kotlin,"{'key': 'gpl-3.0', 'name': 'GNU General Public License v3.0', 'spdx_id': 'GPL-3.0', 'url': 'https://api.github.com/licenses/gpl-3.0', 'node_id': 'MDc6TGljZW5zZTk='}",False,True,"['android', 'app', 'finance', 'jetpack-compose', 'material-you']",2,2,"{'overall_score': 0.529, 'component_scores': {'popularity': 0.673, 'activity': 0.399, 'code_quality': 0.5, 'community': 0.071, 'maintenance': 1.0}, 'quality_tier': 'Average'}"
Venipa/ytmdesktop2,https://github.com/Venipa/ytmdesktop2.git,"Unofficial Youtube Music Desktop App, with LastFM support.",2021-03-16T01:47:52Z,2025-10-18T18:40:03Z,713,38,713,16,10593,TypeScript,"{'key': 'cc0-1.0', 'name': 'Creative Commons Zero v1.0 Universal', 'spdx_id': 'CC0-1.0', 'url': 'https://api.github.com/licenses/cc0-1.0', 'node_id': 'MDc6TGljZW5zZTY='}",True,False,"['app', 'discord', 'electron', 'javascript', 'last-fm', 'lastfm', 'music', 'music-player', 'node', 'typescript', 'vue', 'vue3', 'youtube', 'youtube-music', 'youtube-music-player', 'youtube-player', 'ytm', 'ytmusic']",2,2,"{'overall_score': 0.526, 'component_scores': {'popularity': 0.659, 'activity': 0.401, 'code_quality': 0.5, 'community': 0.071, 'maintenance': 1.0}, 'quality_tier': 'Average'}"
open-webui/desktop,https://github.com/open-webui/desktop.git,Open WebUI Desktop 🌐 (Alpha),2025-01-05T01:06:22Z,2025-10-16T07:49:36Z,689,62,689,20,14854,TypeScript,"{'key': 'other', 'name': 'Other', 'spdx_id': 'NOASSERTION', 'url': None, 'node_id': 'MDc6TGljZW5zZTA='}",True,False,"['app', 'desktop', 'open-webui']",1,2,"{'overall_score': 0.48, 'component_scores': {'popularity': 0.673, 'activity': 0.401, 'code_quality': 0.5, 'community': 0.045, 'maintenance': 0.7}, 'quality_tier': 'Average'}"
zehfernandes/wordnote,https://github.com/zehfernandes/wordnote.git,A simple and elegant notebook to write new words and discover their meanings and synonyms https://wordnote.app,2022-04-12T22:41:41Z,2025-09-28T03:11:30Z,680,40,680,19,23984,JavaScript,,False,False,"['app', 'dictionary', 'notebook', 'react-native']",1,2,"{'overall_score': 0.44, 'component_scores': {'popularity': 0.657, 'activity': 0.378, 'code_quality': 0.5, 'community': 0.045, 'maintenance': 0.5}, 'quality_tier': 'Average'}"
woosignal/flutter-woocommerce-app,https://github.com/woosignal/flutter-woocommerce-app.git,"WooCommerce App template that uses Flutter. Integrated to work with WooCommerce stores, connect and create an IOS and Android app from Flutter for IOS and Android",2019-11-01T20:16:52Z,2025-10-11T01:57:40Z,679,240,679,1,4138,Dart,"{'key': 'bsd-2-clause', 'name': 'BSD 2-Clause ""Simplified"" License', 'spdx_id': 'BSD-2-Clause', 'url': 'https://api.github.com/licenses/bsd-2-clause', 'node_id': 'MDc6TGljZW5zZTQ='}",True,False,"['android', 'app', 'dart', 'ecommerce', 'flutter', 'flutter-apps', 'flutter-woocommerce', 'ios', 'template', 'woocommerce', 'woocommerce-app', 'woocommerce-flutter', 'woosignal', 'wordpress']",2,2,"{'overall_score': 0.598, 'component_scores': {'popularity': 0.719, 'activity': 0.392, 'code_quality': 0.8, 'community': 0.071, 'maintenance': 1.0}, 'quality_tier': 'Average'}"
mrousavy/Colorwaver,https://github.com/mrousavy/Colorwaver.git,🎨 An app to detect color palettes in the real world - powered by VisionCamera,2021-08-28T07:24:38Z,2025-10-17T17:12:13Z,667,82,667,8,24932,TypeScript,"{'key': 'other', 'name': 'Other', 'spdx_id': 'NOASSERTION', 'url': None, 'node_id': 'MDc6TGljZW5zZTA='}",False,False,"['android', 'app', 'camera', 'color', 'colors', 'hacktoberfest', 'ios', 'palette', 'react', 'react-native', 'visioncamera']",2,2,"{'overall_score': 0.456, 'component_scores': {'popularity': 0.68, 'activity': 0.4, 'code_quality': 0.5, 'community': 0.071, 'maintenance': 0.5}, 'quality_tier': 'Average'}"
maxkrieger/voiceliner,https://github.com/maxkrieger/voiceliner.git,Braindump better.,2021-09-10T02:00:22Z,2025-09-16T07:27:39Z,658,46,658,50,41313,Dart,"{'key': 'agpl-3.0', 'name': 'GNU Affero General Public License v3.0', 'spdx_id': 'AGPL-3.0', 'url': 'https://api.github.com/licenses/agpl-3.0', 'node_id': 'MDc6TGljZW5zZTE='}",False,True,"['app', 'flutter']",2,2,"{'overall_score': 0.487, 'component_scores': {'popularity': 0.659, 'activity': 0.365, 'code_quality': 0.5, 'community': 0.071, 'maintenance': 0.8}, 'quality_tier': 'Average'}"
